|class|order|family|genus|species|pollen unit|dispersal unit and peculiarities|size (pollen unit)|pollen class|polarity|shape|outline in polar view|shape (dry pollen)|outline in polar view (dry pollen)|infoldings (dry pollen)|aperture number|aperture type|aperture condition|aperture peculiarities|ornamentation LM|nexine|sexine|ornamentation SEM|tectum|infratectum|foot layer|endexine|intine|wall peculiarities|pollen coatings|reserves in cytoplasm|cell number|Ubisch bodies|how many figures?
0|Angiospermae|Asparagales|Xanthorrhoeaceae|Hemerocallis|Hemerocallis fulva|monad|monad|large (51-100 µm)|sulcate|heteropolar|oblate|elliptic|boat-shaped|elliptic|aperture(s) sunken|1|sulcus|sulcate|aperture membrane smooth|reticulate|-|-|reticulate, free-standing columellae|semitectate|columellate|continuous|compact-continuous|monolayered|-|pollenkitt|lipids|2-celled|absent|1
0|Angiospermae|Malpighiales|Violaceae|Viola|Viola tricolor|monad|monad|large (51-100 µm)|colporate|isopolar|oblate|quadrangular|prolate|quadrangular|interapertural area sunken|4|colporus|colporate, tetracolporate|-|scabrate|-|-|perforate|eutectate|granular|continuous|compact-continuous|monolayered|tenuitas|pollenkitt|starch|2-celled|present|4
0|Angiospermae|Rosales|Urticaceae|Parietaria|Parietaria officinalis|monad|monad|small (10-25 µm)|porate|isopolar|spheroidal|circular|irregular|irregular|irregularly infolded|3|porus|porate, triporate|operculum|scabrate|-|-|microechinate|eutectate|columellate|continuous|compact-continuous|monolayered|-|absent|starch|2-celled|present|4
0|Angiospermae|Rosales|Urticaceae|Urtica|Urtica dioica|monad|monad|small (10-25 µm)|porate|isopolar|spheroidal|circular|irregular|irregular|irregularly infolded|3|porus|porate, triporate|operculum, annulus, oncus|scabrate|-|-|microverrucate, microechinate|eutectate|columellate|absent|compact-continuous|monolayered|-|absent|starch|2-celled|present|4
0|Angiospermae|Rosales|Ulmaceae|Ulmus|Ulmus laevis|monad|monad|medium-sized (26-50 µm)|porate|heteropolar|spheroidal|circular|irregular|irregular|irregularly infolded|6|porus|porate|operculum|rugulate|-|-|rugulate, granulate|eutectate|granular|absent|compact-continuous|monolayered|-|absent|starch|3-celled|present|4
0|Angiospermae|Rosales|Ulmaceae|Ulmus|Ulmus minor|monad|monad|medium-sized (26-50 µm)|porate|heteropolar|spheroidal|circular|irregular|irregular|irregularly infolded|5|porus|porate|operculum|rugulate|-|-|verrucate, rugulate, granulate|eutectate|granular|absent|compact-continuous|monolayered|-|absent|starch|3-celled|present|4
0|Angiospermae|Solanales|Solanaceae|Atropa|Atropa bella-donna|monad|monad|medium-sized (26-50 µm)|colporate|isopolar|spheroidal|circular|prolate|lobate|aperture(s) sunken|3|colporus|colporate, tricolporate|-|striato-reticulate|-|-|striato-reticulate|eutectate|columellate|discontinuous|compact-continuous|monolayered|-|pollenkitt|starch|2-celled|present|4
0|Angiospermae|Solanales|Solanaceae|Datura|Datura stramonium|monad|monad|large (51-100 µm)|colpate|isopolar|spheroidal|circular|irregular|irregular|irregularly infolded|3|colpus|colpate, tricolpate|brevicolpus|scabrate|-|-|no suitable term|semitectate|columellate|discontinuous|compact-continuous|monolayered|-|pollenkitt|starch|2-celled|present|4
0|Angiospermae|Solanales|Solanaceae|Hyoscyamus|Hyoscyamus niger|monad|monad|large (51-100 µm)|colporate|isopolar|spheroidal|circular|prolate|lobate|aperture(s) sunken|3|colporus|colporate, tricolporate|-|-|-|-|reticulate, microechinate|-|-|-|-|-|-|-|-|2-celled|-|1
0|Angiospermae|Solanales|Solanaceae|Solanum|Solanum dulcamara|monad|monad|small (10-25 µm)|colporate|isopolar|spheroidal|circular|prolate|lobate|aperture(s) sunken|3|colporus|colporate, tricolporate|aperture membrane ornamented|psilate|-|-|fossulate, microechinate|eutectate|columellate|discontinuous|compact-continuous|monolayered|-|pollenkitt|-|2-celled|present|4
0|Angiospermae|Sapindales|Simaroubaceae|Ailanthus|Ailanthus altissima|monad|monad|medium-sized (26-50 µm)|colporate|isopolar|spheroidal|circular|prolate|lobate|aperture(s) sunken|3|colporus|colporate, tricolporate|-|reticulate|-|-|striato-reticulate|semitectate|columellate|absent|compact-continuous|bilayered|-|pollenkitt|starch|2-celled|absent|4
0|Angiospermae|Lamiales|Scrophulariaceae|Scrophularia|Scrophularia nodosa|monad|monad|small (10-25 µm)|colporate|isopolar|spheroidal|circular|prolate|lobate|aperture(s) sunken|3|colporus|colporate, tricolporate|aperture membrane smooth|reticulate|present|present|reticulate|semitectate|columellate|discontinuous|compact-discontinuous|monolayered|-|pollenkitt|-|2-celled|absent|8
0|Angiospermae|Lamiales|Scrophulariaceae|Verbascum|Verbascum phlomoides|monad|monad|medium-sized (26-50 µm)|colporate|isopolar|spheroidal|circular|prolate|lobate|aperture(s) sunken|3|colporus|colporate, tricolporate|aperture membrane smooth|reticulate|-|-|reticulate|eutectate|columellate|continuous|compact-continuous|monolayered|-|pollenkitt|starch|2-celled|absent|4
0|Angiospermae|Lamiales|Scrophulariaceae|Verbascum|Verbascum phoeniceum|monad|monad|medium-sized (26-50 µm)|colporate|isopolar|spheroidal|circular|prolate|lobate|aperture(s) sunken|3|colporus|colporate, tricolporate|-|reticulate|-|-|reticulate|semitectate|columellate|continuous|compact-continuous|monolayered|-|pollenkitt|-|2-celled|absent|4
0|Angiospermae|Lamiales|Scrophulariaceae|Verbascum|Verbascum speciosum|monad|monad|medium-sized (26-50 µm)|colporate|isopolar|oblate|triangular|prolate|lobate|aperture(s) sunken|3|colporus|colporate, tricolporate|-|scabrate|-|-|microreticulate|semitectate|columellate|continuous|compact-continuous|monolayered|-|pollenkitt|starch|2-celled|absent|4
0|Angiospermae|Saxifragales|Saxifragaceae|Peltoboykinia|Peltoboykinia tellimoides|monad|monad|small (10-25 µm)|colporate|isopolar|spheroidal|circular|prolate|lobate|aperture(s) sunken|3|colporus|colporate|-|psilate|present|present|perforate|eutectate|columellate|continuous|compact-continuous|monolayered|-|pollenkitt|lipids|2-celled|present|9
0|Angiospermae|Saxifragales|Saxifragaceae|Rodgersia|Rodgersia sambucifolia|monad|monad|small (10-25 µm)|colporate|isopolar|spheroidal|circular|prolate|lobate|aperture(s) sunken|3|colporus|colporate, tricolporate|-|scabrate|present|present|reticulate, microreticulate|eutectate|columellate|continuous|compact-continuous|monolayered|-|pollenkitt|lipids|2-celled|present|9
0|Angiospermae|Saxifragales|Saxifragaceae|Saxifraga|Saxifraga  scardica|monad|monad|small (10-25 µm)|colpate|isopolar|spheroidal|circular|prolate|lobate|aperture(s) sunken|3|colpus|colpate, tricolpate|aperture membrane ornamented|striate|present|present|striate, microgemmate, perforate|eutectate|columellate|continuous|compact-continuous|monolayered|internal tectum|pollenkitt|lipids|2-celled|present|9
0|Angiospermae|Saxifragales|Saxifragaceae|Saxifraga|Saxifraga magellanica|monad|monad|medium-sized (26-50 µm)|colpate|isopolar|spheroidal|circular|prolate|lobate|aperture(s) sunken|3|colpus|colpate, tricolpate|aperture membrane ornamented|scabrate|present|present|microechinate, perforate|eutectate|columellate|continuous|-|monolayered|-|pollenkitt|lipids|2-celled|present|9
0|Angiospermae|Sapindales|Sapindaceae|Acer|Acer negundo|monad|monad|medium-sized (26-50 µm)|colpate|isopolar|spheroidal|circular|prolate|lobate|aperture(s) sunken|3|colpus|colpate, tricolpate|-|scabrate|-|-|rugulate, perforate|eutectate|columellate|continuous|compact-continuous|monolayered|-|absent|starch, lipids|2-celled|-|4
0|Angiospermae|Sapindales|Sapindaceae|Acer|Acer platanoides|monad|monad|medium-sized (26-50 µm)|colpate|isopolar|spheroidal|circular|prolate|lobate|aperture(s) sunken|3|colpus|colpate, tricolpate|aperture membrane ornamented|striate|-|-|striate, perforate|eutectate|columellate|continuous|compact-continuous|monolayered|-|pollenkitt|lipids, starch|2-celled|present|4
0|Angiospermae|Sapindales|Sapindaceae|Acer|Acer pseudoplatanus|monad|monad|medium-sized (26-50 µm)|colpate|isopolar|spheroidal|circular|prolate|lobate|aperture(s) sunken|3|colpus|colpate, tricolpate|aperture membrane smooth|striate|-|-|striate, perforate|eutectate|columellate|continuous|compact-continuous|monolayered|-|pollenkitt|lipids, starch|2-celled|present|4
0|Angiospermae|Sapindales|Sapindaceae|Acer|Acer saccharinum|monad|monad|medium-sized (26-50 µm)|colpate|isopolar|spheroidal|circular|prolate|lobate|aperture(s) sunken|3|colpus|colpate, tricolpate|aperture membrane smooth|striate|-|-|striate, perforate|eutectate|columellate|continuous|compact-continuous|monolayered|-|pollenkitt|starch, lipids|2-celled|present|4
0|Angiospermae|Sapindales|Sapindaceae|Aesculus|Aesculus carnea|monad|monad|medium-sized (26-50 µm)|colporate|isopolar|prolate|circular|prolate|lobate|aperture(s) sunken|3|colporus|colporate, tricolporate|aperture membrane ornamented|scabrate|-|-|striate, perforate|eutectate|columellate|continuous|compact-continuous|monolayered|-|pollenkitt|starch|2-celled|present|4
0|Angiospermae|Sapindales|Sapindaceae|Aesculus|Aesculus hippocastanum|monad|monad|medium-sized (26-50 µm)|colporate|isopolar|spheroidal|circular|prolate|lobate|aperture(s) sunken|3|colporus|colporate, tricolporate|aperture membrane ornamented|scabrate|-|-|striate, perforate|eutectate|columellate|continuous|compact-continuous|monolayered|-|pollenkitt|starch|2-celled|present|4
0|Angiospermae|Malpighiales|Salicaceae|Populus|Populus alba|monad|monad|medium-sized (26-50 µm)|inaperturate|isopolar|spheroidal|circular|irregular|irregular|irregularly infolded|none|no aperture|inaperturate|-|scabrate|-|-|microreticulate, microechinate|semitectate|columellate|continuous|absent|monolayered|-|pollenkitt|starch|2-celled|present|4
0|Angiospermae|Malpighiales|Salicaceae|Populus|Populus nigra|monad|monad|medium-sized (26-50 µm)|inaperturate|isopolar|spheroidal|circular|irregular|irregular|irregularly infolded|none|no aperture|inaperturate|-|scabrate|-|-|no suitable term|semitectate|columellate|discontinuous|compact-continuous|monolayered|-|absent|starch|2-celled|present|4
0|Angiospermae|Malpighiales|Salicaceae|Populus|Populus tremula|monad|monad|medium-sized (26-50 µm)|inaperturate|isopolar|spheroidal|circular|irregular|irregular|irregularly infolded|none|no aperture|inaperturate|-|scabrate|-|-|microechinate, microreticulate|semitectate|columellate|absent|compact-continuous|monolayered|-|absent|starch|2-celled|present|4
0|Angiospermae|Malpighiales|Salicaceae|Salix|Salix alba|monad|monad|small (10-25 µm)|colpate|isopolar|spheroidal|circular|prolate|lobate|aperture(s) sunken|3|colpus|colpate, tricolpate|aperture membrane ornamented|reticulate|-|-|reticulate, heterobrochate|semitectate|columellate|discontinuous|compact-continuous|monolayered|-|pollenkitt|starch|2-celled|absent|4
0|Angiospermae|Malpighiales|Salicaceae|Salix|Salix fragilis|monad|monad|small (10-25 µm)|colpate|isopolar|spheroidal|circular|prolate|lobate|aperture(s) sunken|3|colpus|colpate, tricolpate|aperture membrane ornamented|reticulate, heterobrochate|-|-|reticulate, heterobrochate|semitectate|columellate|discontinuous|compact-continuous|monolayered|-|pollenkitt|-|2-celled|absent|4
0|Angiospermae|Malpighiales|Salicaceae|Salix|Salix purpurea|monad|monad|small (10-25 µm)|colpate|isopolar|spheroidal|circular|prolate|lobate|aperture(s) sunken|3|colpus|colpate, tricolpate|aperture membrane ornamented|reticulate, heterobrochate|-|-|reticulate, heterobrochate, free-standing columellae|semitectate|columellate|continuous|compact-continuous|monolayered|-|pollenkitt|-|2-celled|absent|4
0|Angiospermae|Rosales|Rosaceae|Agrimonia|Agrimonia eupatoria|monad|monad|large (51-100 µm)|colporate|isopolar|prolate|circular|prolate|lobate|aperture(s) sunken|3|colporus|colporate, tricolporate|-|striate|-|-|striate|eutectate|columellate|continuous|compact-continuous|monolayered|-|pollenkitt|starch|2-celled|absent|4
0|Angiospermae|Rosales|Rosaceae|Amelanchier|Amelanchier ovalis|monad|monad|medium-sized (26-50 µm)|colporate|isopolar|spheroidal|circular|prolate|lobate|aperture(s) sunken|3|colporus|colporate, tricolporate|-|striate|-|-|striate, perforate|eutectate|columellate|continuous|compact-continuous|monolayered|-|pollenkitt|starch, lipids|2-celled|absent|4
0|Angiospermae|Rosales|Rosaceae|Crataegus|Crataegus laevigata|monad|monad|medium-sized (26-50 µm)|colporate|isopolar|oblate|triangular|prolate|lobate|aperture(s) sunken|3|colporus|colporate, tricolporate|-|striate|-|-|striate, perforate|eutectate|columellate|continuous|compact-continuous|monolayered|-|pollenkitt|-|2-celled|absent|4
0|Angiospermae|Rosales|Rosaceae|Crataegus|Crataegus monogyna|monad|monad|large (51-100 µm)|colporate|isopolar|oblate|circular|prolate|lobate|aperture(s) sunken|3|colporus|colporate, tricolporate|-|-|-|-|striate, perforate|-|-|-|-|-|-|-|-|2-celled|-|1
0|Angiospermae|Rosales|Rosaceae|Filipendula|Filipendula ulmaria|monad|monad|small (10-25 µm)|colporate|isopolar|spheroidal|circular|prolate|lobate|aperture(s) sunken|3|colporus|colporate, tricolporate|-|psilate|-|-|microechinate|eutectate|columellate|continuous|compact-continuous|monolayered|-|pollenkitt|starch|2-celled|absent|4
0|Angiospermae|Rosales|Rosaceae|Potentilla|Potentilla argentea|monad|monad|small (10-25 µm)|colporate|isopolar|oblate|circular|prolate|lobate|aperture(s) sunken|3|colporus|colporate, tricolporate|operculum|striate|-|-|striate|eutectate|columellate|continuous|compact-continuous|monolayered|-|pollenkitt|lipids|2-celled|absent|4
0|Angiospermae|Rosales|Rosaceae|Prunus|Prunus tenella|monad|monad|medium-sized (26-50 µm)|colporate|isopolar|oblate|triangular|prolate|lobate|aperture(s) sunken|3|colporus|colporate, tricolporate|-|striate|-|-|striate, perforate|eutectate|columellate|continuous|compact-continuous|monolayered|-|pollenkitt|lipids|2-celled|absent|4
0|Angiospermae|Rosales|Rosaceae|Rosa|Rosa canina|monad|monad|medium-sized (26-50 µm)|colporate|isopolar|spheroidal|circular|prolate|lobate|aperture(s) sunken|3|colporus|colporate, tricolporate|operculum|striate|-|-|striate, perforate|eutectate|columellate|continuous|compact-continuous|monolayered|-|pollenkitt|starch|2-celled|absent|4
0|Angiospermae|Rosales|Rosaceae|Rosa|Rosa gallica|monad|monad|medium-sized (26-50 µm)|colporate|isopolar|spheroidal|circular|prolate|lobate|aperture(s) sunken|3|colporus|colporate, tricolporate|-|striate|-|-|striate, perforate|eutectate|columellate|continuous|compact-continuous|monolayered|-|pollenkitt|starch|2-celled|absent|4
0|Angiospermae|Rosales|Rosaceae|Rubus|Rubus fructicosus|monad|monad|medium-sized (26-50 µm)|colporate|isopolar|spheroidal|circular|prolate|lobate|aperture(s) sunken|3|colporus|colporate, tricolporate|-|striate|-|-|striate, perforate|eutectate|columellate|continuous|compact-continuous|monolayered|-|pollenkitt|-|2-celled|absent|4
0|Angiospermae|Ranunculales|Ranunculaceae|Aconitum|Aconitum napellus|monad|monad|medium-sized (26-50 µm)|colpate|isopolar|spheroidal|circular|prolate|lobate|aperture(s) sunken|3|colpus|colpate, tricolpate|aperture membrane ornamented|psilate|-|-|microechinate, perforate|eutectate|columellate|continuous|compact-discontinuous|monolayered|-|pollenkitt|starch, lipids|2-celled|present|3
0|Angiospermae|Ranunculales|Ranunculaceae|Actaea|Actaea spicata|monad|monad|medium-sized (26-50 µm)|colpate|isopolar|spheroidal|circular|prolate|lobate|aperture(s) sunken|3|colpus|colpate, tricolpate|aperture membrane ornamented|scabrate|-|-|microechinate, perforate|eutectate|columellate|continuous|compact-continuous|monolayered|-|pollenkitt|starch, lipids|2-celled|present|4
0|Angiospermae|Ranunculales|Ranunculaceae|Adonis|Adonis aestivalis|monad|monad|medium-sized (26-50 µm)|colpate|isopolar|spheroidal|circular|prolate|lobate|aperture(s) sunken|3|colpus|colpate, tricolpate|aperture membrane ornamented|scabrate|-|-|microechinate, perforate|eutectate|columellate|continuous|compact-continuous|monolayered|-|pollenkitt|starch, lipids|2-celled|present|4
0|Angiospermae|Ranunculales|Ranunculaceae|Adonis|Adonis vernalis|monad|monad|medium-sized (26-50 µm)|colpate|isopolar|spheroidal|circular|prolate|lobate|aperture(s) sunken|3|colpus|colpate, tricolpate|aperture membrane ornamented|scabrate|-|-|microechinate, perforate|eutectate|columellate|continuous|compact-continuous|monolayered|-|pollenkitt|starch, lipids|2-celled|present|4
0|Angiospermae|Ranunculales|Ranunculaceae|Anemone|Anemone narcissiflora|monad|monad|medium-sized (26-50 µm)|colpate|isopolar|spheroidal|circular|prolate|lobate|aperture(s) sunken|3|colpus|colpate, tricolpate|aperture membrane ornamented|scabrate|-|-|microechinate, perforate|eutectate|columellate|continuous|compact-continuous|monolayered|-|pollenkitt|starch, lipids|2-celled|present|4
0|Angiospermae|Ranunculales|Ranunculaceae|Anemone|Anemone nemorosa|monad|monad|small (10-25 µm)|colpate|isopolar|spheroidal|circular|prolate|lobate|aperture(s) sunken|3|colpus|colpate, tricolpate|aperture membrane ornamented|scabrate|-|-|microechinate, perforate|eutectate|columellate|continuous|compact-continuous|monolayered|-|pollenkitt|starch, lipids|2-celled|present|4
0|Angiospermae|Ranunculales|Ranunculaceae|Anemone|Anemone ranunculoides|monad|monad|medium-sized (26-50 µm)|colpate|isopolar|spheroidal|circular|prolate|lobate|aperture(s) sunken|3|colpus|colpate, tricolpate|aperture membrane ornamented|scabrate|-|-|microechinate, perforate|eutectate|columellate|continuous|compact-continuous|monolayered|-|pollenkitt|starch, lipids|2-celled|present|4
0|Angiospermae|Ranunculales|Ranunculaceae|Anemone|Anemone sylvestris|monad|monad|small (10-25 µm)|colpate|isopolar|spheroidal|circular|prolate|lobate|aperture(s) sunken|3|colpus|colpate, tricolpate|aperture membrane ornamented|scabrate|-|-|microechinate, perforate|eutectate|columellate|continuous|compact-continuous|monolayered|-|pollenkitt|starch, lipids|2-celled|present|4
0|Angiospermae|Ranunculales|Ranunculaceae|Aquilegia|Aquilegia vulgaris|monad|monad|small (10-25 µm)|colpate|isopolar|spheroidal|circular|prolate|lobate|aperture(s) sunken|3|colpus|colpate, tricolpate|aperture membrane ornamented|scabrate|-|-|microechinate, perforate|eutectate|columellate|discontinuous|compact-continuous|monolayered|-|pollenkitt|starch, lipids|2-celled|present|3
0|Angiospermae|Ranunculales|Ranunculaceae|Callianthemum|Callianthemum anemonoides|monad|monad|medium-sized (26-50 µm)|colpate|isopolar|spheroidal|circular|prolate|lobate|aperture(s) sunken|3|colpus|colpate, tricolpate|aperture membrane ornamented|scabrate|-|-|microechinate, perforate|eutectate|columellate|continuous|compact-continuous|monolayered|-|pollenkitt|starch, lipids|2-celled|present|4
0|Angiospermae|Ranunculales|Ranunculaceae|Caltha|Caltha palustris|monad|monad|medium-sized (26-50 µm)|colpate|isopolar|spheroidal|circular|prolate|lobate|aperture(s) sunken|3|colpus|colpate, tricolpate|aperture membrane ornamented|scabrate|-|-|microechinate, perforate|eutectate|columellate|continuous|compact-continuous|monolayered|-|pollenkitt|starch, lipids|2-celled|present|4
0|Angiospermae|Ranunculales|Ranunculaceae|Ceratocephala|Ceratocephala orthoceras|monad|monad|medium-sized (26-50 µm)|colpate|isopolar|spheroidal|circular|spheroidal|irregular|aperture(s) sunken|>6|colpus|colpate, pantocolpate|aperture membrane ornamented, pantoaperturate|scabrate|-|-|microechinate, perforate|eutectate|columellate|continuous|compact-continuous|monolayered|-|pollenkitt|starch, lipids|2-celled|present|3
0|Angiospermae|Ranunculales|Ranunculaceae|Clematis|Clematis vitalba|monad|monad|small (10-25 µm)|colpate|isopolar|spheroidal|circular|prolate|lobate|aperture(s) sunken|3|colpus|colpate, tricolpate|aperture membrane ornamented|scabrate|-|-|microechinate, perforate|eutectate|columellate|continuous|compact-continuous|monolayered|-|pollenkitt|starch, lipids|2-celled|present|3
0|Angiospermae|Ranunculales|Ranunculaceae|Consolida|Consolida orientalis|monad|monad|medium-sized (26-50 µm)|colpate|isopolar|spheroidal|circular|prolate|lobate|aperture(s) sunken|3|colpus|colpate, tricolpate|aperture membrane ornamented|scabrate|-|-|microechinate, perforate|eutectate|columellate|continuous|compact-discontinuous|monolayered|-|pollenkitt|starch, lipids|2-celled|present|4
0|Angiospermae|Ranunculales|Ranunculaceae|Consolida|Consolida regalis|monad|monad|medium-sized (26-50 µm)|colpate|isopolar|spheroidal|circular|prolate|lobate|aperture(s) sunken|3|colpus|colpate, tricolpate|aperture membrane ornamented|scabrate|-|-|microechinate, perforate|eutectate|columellate|continuous|compact-discontinuous|monolayered|-|pollenkitt|starch, lipids|2-celled|present|3
0|Angiospermae|Ranunculales|Ranunculaceae|Delphinium|Delphinium elatum|monad|monad|medium-sized (26-50 µm)|colpate|isopolar|spheroidal|circular|prolate|lobate|aperture(s) sunken|3|colpus|colpate, tricolpate|aperture membrane ornamented|scabrate|-|-|microechinate, perforate|eutectate|columellate|continuous|compact-discontinuous|monolayered|-|pollenkitt|starch, lipids|2-celled|present|3
0|Angiospermae|Ranunculales|Ranunculaceae|Eranthis|Eranthis hyemalis|monad|monad|medium-sized (26-50 µm)|colpate|isopolar|spheroidal|circular|prolate|lobate|aperture(s) sunken|3|colpus|colpate, tricolpate|aperture membrane ornamented|scabrate|-|-|microechinate, perforate|eutectate|columellate|continuous|compact-continuous|monolayered|-|pollenkitt|starch, lipids|2-celled|present|4
0|Angiospermae|Ranunculales|Ranunculaceae|Helleborus|Helleborus foetidus|monad|monad|small (10-25 µm)|colpate|isopolar|oblate|circular|prolate|lobate|aperture(s) sunken|3|colpus|colpate, tricolpate|aperture membrane ornamented|reticulate|-|-|microreticulate, microverrucate|semitectate|columellate|continuous|compact-continuous|monolayered|-|pollenkitt|starch, lipids|2-celled|present|4
0|Angiospermae|Ranunculales|Ranunculaceae|Helleborus|Helleborus niger|monad|monad|medium-sized (26-50 µm)|colpate|isopolar|oblate|circular|prolate|lobate|aperture(s) sunken|3|colpus|colpate, tricolpate|aperture membrane ornamented|scabrate|-|-|perforate, microechinate|eutectate|columellate|continuous|compact-continuous|monolayered|-|pollenkitt|starch, lipids|2-celled|present|4
0|Angiospermae|Ranunculales|Ranunculaceae|Helleborus|Helleborus viridis|monad|monad|medium-sized (26-50 µm)|colpate|isopolar|spheroidal|circular|prolate|circular|aperture(s) sunken|3|colpus|colpate, tricolpate|aperture membrane ornamented|reticulate|-|-|reticulate|semitectate|columellate|continuous|compact-continuous|monolayered|-|pollenkitt|starch, lipids|2-celled|present|4
0|Angiospermae|Ranunculales|Ranunculaceae|Hepatica|Hepatica nobilis|monad|monad|medium-sized (26-50 µm)|colpate|isopolar|spheroidal|circular|prolate|lobate|aperture(s) sunken|3|colpus|colpate, tricolpate|aperture membrane ornamented|scabrate|-|-|microechinate, perforate|eutectate|columellate|continuous|compact-continuous|monolayered|-|pollenkitt|starch, lipids|2-celled|present|3
0|Angiospermae|Ranunculales|Ranunculaceae|Isopyrum|Isopyrum thalictroides|monad|monad|small (10-25 µm)|colpate|isopolar|spheroidal|circular|prolate|lobate|aperture(s) sunken|3|colpus|colpate, tricolpate|aperture membrane ornamented|scabrate|-|-|microechinate, perforate|eutectate|columellate|continuous|compact-discontinuous|monolayered|-|pollenkitt|starch, lipids|2-celled|present|3
0|Angiospermae|Ranunculales|Ranunculaceae|Myosurus|Myosurus minimus|monad|monad|small (10-25 µm)|colpate|isopolar|spheroidal|circular|prolate|lobate|aperture(s) sunken|3|colpus|colpate, tricolpate|aperture membrane ornamented|scabrate|-|-|microechinate, perforate|-|-|-|-|-|-|-|-|2-celled|present|4
0|Angiospermae|Ranunculales|Ranunculaceae|Nigella|Nigella arvensis|monad|monad|medium-sized (26-50 µm)|colpate|isopolar|spheroidal|circular|prolate|lobate|aperture(s) sunken|3|colpus|colpate, tricolpate|aperture membrane ornamented|scabrate|-|-|microechinate, perforate|eutectate|columellate|continuous|compact-continuous|monolayered|internal tectum|pollenkitt|starch, lipids|2-celled|present|3
0|Angiospermae|Ranunculales|Ranunculaceae|Pulsatilla|Pulsatilla grandis|monad|monad|medium-sized (26-50 µm)|colpate|isopolar|spheroidal|circular|prolate|lobate|aperture(s) sunken|3|colpus|colpate, tricolpate|aperture membrane ornamented|scabrate|-|-|microechinate, perforate|eutectate|columellate|continuous|compact-continuous|monolayered|-|pollenkitt|starch, lipids|2-celled|present|4
0|Angiospermae|Ranunculales|Ranunculaceae|Ranunculus|Ranunculus acris|monad|monad|small (10-25 µm)|colpate|isopolar|spheroidal|circular|spheroidal|circular|aperture(s) sunken|6|colpus|colpate, hexacolpate, pantocolpate|aperture membrane ornamented, pantoaperturate|echinate|-|-|microechinate, perforate|eutectate|columellate|continuous|compact-discontinuous|monolayered|-|pollenkitt|starch, lipids|2-celled|present|4
0|Angiospermae|Ranunculales|Ranunculaceae|Ranunculus|Ranunculus bulbosus|monad|monad|medium-sized (26-50 µm)|colpate|isopolar|spheroidal|circular|prolate|lobate|aperture(s) sunken|3|colpus|colpate, tricolpate|aperture membrane ornamented|echinate|-|-|verrucate, microechinate, perforate|eutectate|columellate|continuous|compact-continuous|monolayered|-|pollenkitt|starch, lipids|2-celled|present|4
0|Angiospermae|Ranunculales|Ranunculaceae|Ranunculus|Ranunculus ficaria|monad|monad|medium-sized (26-50 µm)|colpate|isopolar|spheroidal|circular|prolate|lobate|aperture(s) sunken|3|colpus|colpate, tricolpate|aperture membrane ornamented|scabrate|-|-|microechinate, perforate|eutectate|columellate|continuous|compact-discontinuous|monolayered|-|pollenkitt|starch, lipids|2-celled|present|3
0|Angiospermae|Ranunculales|Ranunculaceae|Ranunculus|Ranunculus glacialis|monad|monad|medium-sized (26-50 µm)|colpate|isopolar|spheroidal|circular|prolate|lobate|aperture(s) sunken|3|colpus|colpate, tricolpate|aperture membrane ornamented|echinate|-|-|microechinate, perforate|eutectate|columellate|continuous|compact-continuous|monolayered|-|pollenkitt|starch, lipids|2-celled|present|4
0|Angiospermae|Ranunculales|Ranunculaceae|Ranunculus|Ranunculus lanuginosus|monad|monad|medium-sized (26-50 µm)|colpate|isopolar|spheroidal|circular|spheroidal|polygonal|aperture(s) sunken|>6|colpus|colpate, pantocolpate|aperture membrane ornamented|echinate|-|-|microechinate, perforate|eutectate|columellate|continuous|compact-discontinuous|monolayered|-|pollenkitt|starch, lipids|2-celled|present|4
0|Angiospermae|Ranunculales|Ranunculaceae|Ranunculus|Ranunculus lingua|monad|monad|medium-sized (26-50 µm)|colpate|isopolar|spheroidal|circular|irregular|polygonal|aperture(s) sunken|>6|colpus|colpate, pantocolpate|aperture membrane ornamented|echinate|-|-|microechinate, perforate|eutectate|columellate|continuous|compact-continuous|monolayered|-|pollenkitt|starch, lipids|2-celled|present|4
0|Angiospermae|Ranunculales|Ranunculaceae|Ranunculus|Ranunculus platanifolius|monad|monad|medium-sized (26-50 µm)|colpate|isopolar|spheroidal|circular|prolate|lobate|aperture(s) sunken|3|colpus|colpate, tricolpate|aperture membrane ornamented|echinate|-|-|microechinate, perforate|eutectate|columellate|continuous|compact-continuous|monolayered|-|pollenkitt|starch, lipids|2-celled|present|4
0|Angiospermae|Ranunculales|Ranunculaceae|Ranunculus|Ranunculus repens|monad|monad|medium-sized (26-50 µm)|colpate|isopolar|spheroidal|circular|irregular|irregular|aperture(s) sunken|3|colpus|colpate, tricolpate|aperture membrane ornamented|echinate|-|-|microechinate, perforate|eutectate|columellate|continuous|compact-continuous|monolayered|-|pollenkitt|starch, lipids|2-celled|present|4
0|Angiospermae|Ranunculales|Ranunculaceae|Ranunculus|Ranunculus sceleratus|monad|monad|medium-sized (26-50 µm)|colpate|isopolar|spheroidal|circular|prolate|lobate|aperture(s) sunken|3|colpus|colpate, tricolpate|aperture membrane ornamented|echinate|-|-|microechinate, perforate|eutectate|columellate|continuous|compact-discontinuous|monolayered|-|pollenkitt|starch, lipids|2-celled|present|4
0|Angiospermae|Ranunculales|Ranunculaceae|Ranunculus|Ranunculus trichophyllus|monad|monad|small (10-25 µm)|colpate|isopolar|spheroidal|circular|prolate|lobate|aperture(s) sunken|3|colpus|colpate, tricolpate|aperture membrane ornamented|verrucate|-|-|verrucate, microechinate, perforate|eutectate|columellate|continuous|compact-discontinuous|monolayered|-|pollenkitt|starch, lipids|2-celled|present|4
0|Angiospermae|Ranunculales|Ranunculaceae|Thalictrum|Thalictrum aquilegiifolium|monad|monad|small (10-25 µm)|porate|isopolar|spheroidal|circular|isodiametric|quadrangular|aperture(s) sunken|>6|porus|porate, pantoporate|aperture membrane ornamented, pantoaperturate|scabrate|-|-|microechinate, perforate|eutectate|columellate|continuous|compact-discontinuous|monolayered|-|pollenkitt|starch, lipids|2-celled|present|4
0|Angiospermae|Ranunculales|Ranunculaceae|Thalictrum|Thalictrum flavum|monad|monad|small (10-25 µm)|porate|-|spheroidal|circular|irregular|irregular|aperture(s) sunken|>6|porus|porate, pantoporate|aperture membrane ornamented, pantoaperturate|echinate|-|-|microechinate, perforate|eutectate|columellate|continuous|compact-continuous|monolayered|-|pollenkitt|starch, lipids|2-celled|present|4
0|Angiospermae|Ranunculales|Ranunculaceae|Thalictrum|Thalictrum lucidum|monad|monad|small (10-25 µm)|porate|-|spheroidal|circular|polygonal|polygonal|aperture(s) sunken|number varies|porus|porate, pantoporate|aperture membrane ornamented, pantoaperturate|echinate|-|-|microechinate, perforate|eutectate|columellate|continuous|compact-continuous|monolayered|-|pollenkitt|starch, lipids|2-celled|present|4
0|Angiospermae|Ranunculales|Ranunculaceae|Trollius|Trollius europaeus|monad|monad|small (10-25 µm)|colpate|isopolar|spheroidal|circular|prolate|lobate|aperture(s) sunken|3|colpus|colpate, tricolpate|aperture membrane ornamented|scabrate|-|-|striate, perforate|eutectate|columellate|continuous|compact-continuous|monolayered|-|pollenkitt|starch, lipids|2-celled|present|4
0|Angiospermae|Ericales|Primulaceae|Anagallis|Anagallis arvensis|monad|monad|medium-sized (26-50 µm)|colporate|isopolar|spheroidal|circular|prolate|lobate|aperture(s) sunken|3|colporus|colporate, tricolporate|-|scabrate|-|-|microreticulate|eutectate|columellate|continuous|compact-continuous|monolayered|-|pollenkitt|starch, lipids|2-celled|present|4
0|Angiospermae|Caryophyllales|Polygonaceae|Rumex|Rumex acetosa|monad|monad|small (10-25 µm)|colporate|isopolar|spheroidal|circular|prolate|triangular|aperture(s) sunken|3|colporus|colporate, tricolporate|aperture membrane smooth|scabrate, reticulate|-|-|perforate, microechinate|eutectate|columellate|continuous|absent|monolayered|-|pollenkitt|starch|3-celled|present|4
0|Angiospermae|Caryophyllales|Polygonaceae|Rumex|Rumex obtusifolius|monad|monad|small (10-25 µm)|colporate|-|-|-|-|-|-|3|colporus|colporate, tricolporate|-|scabrate|-|-|-|eutectate|columellate|continuous|compact-continuous|monolayered|-|-|-|3-celled|present|4
0|Angiospermae|Fabales|Polygalaceae|Polygala|Polygala amara|monad|monad|medium-sized (26-50 µm)|colporate|isopolar|spheroidal|circular|prolate|no suitable term|aperture(s) sunken|>6|colporus|colporate, stephanocolporate|-|psilate|-|-|psilate|eutectate|columellate|continuous|compact-continuous|monolayered|-|pollenkitt|starch|3-celled|absent|3
0|Angiospermae|Poales|Poaceae|Alopecurus|Alopecurus pratensis|monad|monad|medium-sized (26-50 µm)|ulcerate|heteropolar|spheroidal|circular|irregular|irregular|irregularly infolded|1|ulcus|ulcerate|operculum, annulus|scabrate|-|-|microechinate|eutectate|columellate|continuous|absent|monolayered|-|absent|polysaccharide vesicles, starch|3-celled|present|4
0|Angiospermae|Poales|Poaceae|Apera|Apera spica-venti|monad|monad|medium-sized (26-50 µm)|ulcerate|heteropolar|spheroidal|circular|irregular|irregular|irregularly infolded|1|ulcus|ulcerate|operculum, annulus|scabrate|-|-|microverrucate, microechinate|eutectate|columellate|continuous|absent|monolayered|-|absent|starch, polysaccharide vesicles|3-celled|present|4
0|Angiospermae|Poales|Poaceae|Avena|Avena sativa|monad|monad|medium-sized (26-50 µm)|ulcerate|heteropolar|spheroidal|circular|irregular|irregular|irregularly infolded|1|ulcus|ulcerate|operculum, annulus|scabrate|-|-|microverrucate|eutectate|columellate|continuous|absent|monolayered|-|absent|starch, polysaccharide vesicles|3-celled|present|4
0|Angiospermae|Poales|Poaceae|Avenula|Avenula pubescens|monad|monad|medium-sized (26-50 µm)|ulcerate|heteropolar|spheroidal|circular|irregular|irregular|irregularly infolded|1|ulcus|ulcerate|operculum, annulus|scabrate|-|-|microechinate|eutectate|columellate|continuous|absent|monolayered|-|absent|starch, polysaccharide vesicles|3-celled|present|4
0|Angiospermae|Poales|Poaceae|Bromus|Bromus inermis|monad|monad|medium-sized (26-50 µm)|ulcerate|isopolar|spheroidal|circular|irregular|irregular|irregularly infolded|1|ulcus|ulcerate|annulus, operculum|scabrate|-|-|microechinate|eutectate|columellate|continuous|absent|monolayered|-|absent|starch, polysaccharide vesicles|3-celled|present|4
0|Angiospermae|Poales|Poaceae|Elymus|Elymus repens|monad|monad|medium-sized (26-50 µm)|ulcerate|heteropolar|spheroidal|circular|irregular|irregular|irregularly infolded|1|ulcus|ulcerate|operculum, annulus|scabrate|-|-|microechinate|eutectate|columellate|continuous|absent|monolayered|-|absent|starch, polysaccharide vesicles|3-celled|present|4
0|Angiospermae|Poales|Poaceae|Festuca|Festuca pratensis|monad|monad|medium-sized (26-50 µm)|ulcerate|heteropolar|prolate|circular|irregular|irregular|irregularly infolded|1|ulcus|ulcerate|operculum, annulus|scabrate|-|-|microechinate|eutectate|columellate|continuous|absent|monolayered|-|absent|starch, polysaccharide vesicles|3-celled|present|4
0|Angiospermae|Poales|Poaceae|Phleum|Phleum pratense|monad|monad|medium-sized (26-50 µm)|ulcerate|heteropolar|prolate|circular|irregular|irregular|irregularly infolded|1|ulcus|ulcerate|annulus, operculum|scabrate|-|-|areolate, microechinate|eutectate|columellate|continuous|absent|monolayered|-|absent|starch, polysaccharide vesicles|3-celled|present|4
0|Angiospermae|Poales|Poaceae|Poa|Poa angustifolia|monad|monad|medium-sized (26-50 µm)|ulcerate|heteropolar|prolate|circular|prolate|irregular|interapertural area sunken|1|ulcus|ulcerate|annulus, operculum|scabrate|-|-|areolate, microechinate|eutectate|columellate|continuous|absent|monolayered|-|absent|starch, polysaccharide vesicles|3-celled|present|4
0|Angiospermae|Poales|Poaceae|Secale|Secale cereale|monad|monad|large (51-100 µm)|ulcerate|heteropolar|no suitable term|circular|irregular|irregular|irregularly infolded|1|ulcus|ulcerate|operculum, annulus|scabrate|-|-|microechinate|eutectate|columellate|continuous|absent|monolayered|-|absent|starch, polysaccharide vesicles|3-celled|present|4
0|Angiospermae|Poales|Poaceae|Trisetum|Trisetum flavescens|monad|monad|medium-sized (26-50 µm)|ulcerate|heteropolar|prolate|circular|irregular|irregular|irregularly infolded|1|ulcus|ulcerate|annulus, operculum|scabrate|-|-|microechinate|eutectate|columellate|continuous|absent|monolayered|-|absent|starch|3-celled|present|4
0|Angiospermae|Poales|Poaceae|Triticum|Triticum aestivum|monad|monad|large (51-100 µm)|ulcerate|heteropolar|prolate|circular|prolate|irregular|interapertural area sunken|1|ulcus|ulcerate|annulus, operculum|scabrate|-|-|microechinate|eutectate|columellate|continuous|absent|monolayered|-|absent|starch, polysaccharide vesicles|3-celled|present|4
0|Angiospermae|Poales|Poaceae|Zea|Zea mays|monad|monad|large (51-100 µm)|ulcerate|heteropolar|spheroidal|circular|irregular|irregular|irregularly infolded|1|ulcus|ulcerate|annulus, operculum|scabrate|-|-|microechinate|eutectate|columellate|continuous|absent|monolayered|-|absent|starch, polysaccharide vesicles|3-celled|present|4
0|Angiospermae|Proteales|Platanaceae|Platanus|Platanus hispanica|monad|monad|medium-sized (26-50 µm)|colpate|isopolar|spheroidal|circular|prolate|lobate|aperture(s) sunken|3|colpus|colpate, tricolpate|aperture membrane ornamented|reticulate|-|-|reticulate|semitectate|columellate|continuous|compact-continuous|monolayered|-|absent|lipids|2-celled|present|4
0|Angiospermae|Lamiales|Plantaginaceae|Cymbalaria|Cymbalaria muralis|monad|monad|small (10-25 µm)|colporate|isopolar|spheroidal|circular|prolate|lobate|aperture(s) sunken|3|colporus|colporate, tricolporate|aperture membrane smooth|reticulate|-|-|reticulate|semitectate|columellate|continuous|compact-continuous|monolayered|-|pollenkitt|lipids|2-celled|absent|7
0|Angiospermae|Lamiales|Plantaginaceae|Linaria|Linaria genistifolia|monad|monad|small (10-25 µm)|colporate|isopolar|spheroidal|circular|prolate|lobate|aperture(s) sunken|3|colporus|colporate, tricolporate|-|reticulate|present|present|microreticulate|semitectate|columellate|continuous|compact-continuous|monolayered|-|pollenkitt|starch, lipids|2-celled|absent|8
0|Angiospermae|Lamiales|Plantaginaceae|Linaria|Linaria vulgaris|monad|monad|small (10-25 µm)|colporate|isopolar|spheroidal|circular|prolate|lobate|aperture(s) sunken|3|colporus|colporate, tricolporate|-|reticulate|present|present|microreticulate|semitectate|columellate|continuous|compact-continuous|monolayered|-|pollenkitt|starch, lipids|2-celled|absent|6
0|Angiospermae|Lamiales|Plantaginaceae|Microrrhinum|Microrrhinum minus|monad|monad|small (10-25 µm)|colporate|heteropolar|spheroidal|circular|prolate|lobate|aperture(s) sunken|3|colporus|colporate, tricolporate|-|perforate|present|present|perforate|eutectate|columellate|continuous|compact-continuous|monolayered|-|pollenkitt|lipids|2-celled|absent|7
0|Angiospermae|Lamiales|Plantaginaceae|Plantago|Plantago lanceolata|monad|monad|small (10-25 µm)|porate|-|spheroidal|circular|irregular|irregular|irregularly infolded|>6|porus|porate, pantoporate|operculum, annulus, pantoaperturate|verrucate|present|present|verrucate, microechinate, perforate|eutectate|granular|discontinuous|compact-discontinuous|bilayered|-|absent|starch|3-celled|present|8
0|Angiospermae|Lamiales|Plantaginaceae|Plantago|Plantago major|monad|monad|small (10-25 µm)|porate|isopolar|spheroidal|circular|irregular|irregular|irregularly infolded|>6|porus|porate, pantoporate|aperture membrane ornamented, pantoaperturate|verrucate|present|absent|verrucate, microechinate, perforate|eutectate|columellate|discontinuous|compact-discontinuous|bilayered|-|absent|starch|2-celled|present|7
0|Angiospermae|Lamiales|Plantaginaceae|Plantago|Plantago maritima|monad|monad|medium-sized (26-50 µm)|porate|-|spheroidal|circular|irregular|irregular|irregularly infolded|>6|porus|porate, pantoporate|aperture membrane ornamented, annulus, pantoaperturate|verrucate|present|present|verrucate, microechinate, perforate|eutectate|columellate|discontinuous|compact-discontinuous|bilayered|-|absent|starch|2-celled|present|6
0|Angiospermae|Lamiales|Plantaginaceae|Plantago|Plantago media|monad|monad|medium-sized (26-50 µm)|porate|isopolar|spheroidal|circular|irregular|irregular|irregularly infolded|>6|porus|porate, pantoporate|aperture membrane ornamented, pantoaperturate|verrucate|present|present|verrucate, microechinate, perforate|eutectate|columellate|discontinuous|compact-discontinuous|bilayered|-|absent|starch|2-celled|present|7
0|Angiospermae|Lamiales|Plantaginaceae|Veronica|Veronica anagallis-aquatica|monad|monad|medium-sized (26-50 µm)|colpate|isopolar|spheroidal|circular|prolate|lobate|aperture(s) sunken|3|colpus|colpate, tricolpate|aperture membrane ornamented|psilate|present|present|microreticulate|semitectate|columellate|continuous|compact-continuous|bilayered|-|pollenkitt|lipids|2-celled|absent|5
0|Angiospermae|Lamiales|Plantaginaceae|Veronica|Veronica barrelieri|monad|monad|medium-sized (26-50 µm)|colpate|isopolar|spheroidal|circular|prolate|lobate|aperture(s) sunken|3|colpus|colpate, tricolpate|aperture membrane ornamented|reticulate|present|present|microreticulate|semitectate|columellate|continuous|compact-continuous|bilayered|-|pollenkitt, primexine matrix|starch, lipids|2-celled|absent|6
0|Angiospermae|Ranunculales|Papaveraceae|Chelidonium|Chelidonium majus|monad|monad|medium-sized (26-50 µm)|colpate|isopolar|spheroidal|circular|prolate|lobate|aperture(s) sunken|3|colpus|colpate, tricolpate|aperture membrane ornamented|scabrate|-|-|perforate, microechinate|eutectate|columellate|continuous|compact-discontinuous|monolayered|-|pollenkitt|starch, lipids|2-celled|absent|3
0|Angiospermae|Ranunculales|Papaveraceae|Corydalis|Corydalis cava|monad|monad|medium-sized (26-50 µm)|colpate|isopolar|spheroidal|circular|no suitable term|no suitable term|aperture(s) sunken|6|colpus|colpate, hexacolpate, pantocolpate|aperture membrane ornamented, pantoaperturate|verrucate|-|-|verrucate, perforate|eutectate|columellate|discontinuous|compact-continuous|monolayered|-|pollenkitt|starch, lipids|2-celled|absent|3
0|Angiospermae|Ranunculales|Papaveraceae|Corydalis|Corydalis lutea|monad|monad|medium-sized (26-50 µm)|clypeate|isopolar|spheroidal|circular|spheroidal|quadrangular|aperture(s) sunken|>6|colpus|colpate, syncolpate|synaperturate, pantoaperturate|psilate|-|-|clypeate, psilate, perforate|eutectate|alveolate|continuous|compact-continuous|monolayered|-|pollenkitt|starch, lipids|2-celled|absent|4
0|Angiospermae|Ranunculales|Papaveraceae|Dicentra|Dicentra spectabilis|monad|monad|medium-sized (26-50 µm)|colpate|isopolar|spheroidal|circular|prolate|circular|aperture(s) sunken|3|colpus|colpate, tricolpate|aperture membrane ornamented, margo|reticulate|-|-|reticulate|semitectate|columellate|continuous|compact-discontinuous|monolayered|-|pollenkitt|starch, lipids|2-celled|present|3
0|Angiospermae|Ranunculales|Papaveraceae|Eschscholzia|Eschscholzia californica|monad|monad|medium-sized (26-50 µm)|colpate|isopolar|spheroidal|circular|spheroidal|circular|aperture(s) sunken|5|colpus|colpate, pentacolpate|aperture membrane smooth|reticulate|-|-|reticulate, perforate, bireticulate|eutectate|columellate|discontinuous|compact-discontinuous|monolayered|-|pollenkitt|starch, lipids|2-celled|absent|3
0|Angiospermae|Ranunculales|Papaveraceae|Fumaria|Fumaria officinalis|monad|monad|medium-sized (26-50 µm)|porate|-|spheroidal|circular|polygonal|quadrangular|not infolded|6|porus|porate, pantoporate|annulus, aperture membrane smooth, pantoaperturate|psilate|-|-|verrucate, psilate, perforate|eutectate|columellate|discontinuous|compact-discontinuous|monolayered|-|pollenkitt|starch, lipids|2-celled|absent|4
0|Angiospermae|Ranunculales|Papaveraceae|Fumaria|Fumaria vaillantii|monad|monad|medium-sized (26-50 µm)|porate|-|spheroidal|circular|spheroidal|circular|not infolded|>6|porus|porate, pantoporate|aperture membrane smooth, pantoaperturate, annulus|scabrate|-|-|verrucate, perforate|eutectate|alveolate|continuous|compact-discontinuous|monolayered|-|pollenkitt|starch, lipids|2-celled|absent|4
0|Angiospermae|Ranunculales|Papaveraceae|Glaucium|Glaucium flavum|monad|monad|medium-sized (26-50 µm)|colpate|isopolar|spheroidal|circular|prolate|lobate|aperture(s) sunken|3|colpus|colpate, tricolpate|aperture membrane ornamented|reticulate|-|-|perforate, microechinate|eutectate|columellate|continuous|compact-discontinuous|monolayered|-|pollenkitt|starch, lipids|2-celled|absent|3
0|Angiospermae|Ranunculales|Papaveraceae|Papaver|Papaver alpinum|monad|monad|medium-sized (26-50 µm)|colpate|isopolar|spheroidal|circular|prolate|lobate|aperture(s) sunken|3|colpus|colpate, tricolpate|aperture membrane ornamented|scabrate|-|-|microechinate, perforate, reticulate|eutectate|columellate|continuous|compact-continuous|monolayered|-|pollenkitt|lipids, starch|2-celled|present|4
0|Angiospermae|Ranunculales|Papaveraceae|Papaver|Papaver dubium|monad|monad|medium-sized (26-50 µm)|colpate|isopolar|spheroidal|circular|prolate|lobate|aperture(s) sunken|3|colpus|colpate, tricolpate|aperture membrane ornamented|scabrate|-|-|microechinate, perforate|eutectate|columellate|continuous|compact-continuous|monolayered|-|pollenkitt|starch, lipids|2-celled|present|3
0|Angiospermae|Ranunculales|Papaveraceae|Papaver|Papaver rhoeas|monad|monad|medium-sized (26-50 µm)|colpate|isopolar|spheroidal|circular|prolate|lobate|aperture(s) sunken|3|colpus|colpate, tricolpate|aperture membrane ornamented|scabrate|-|-|microechinate, perforate|eutectate|columellate|discontinuous|compact-continuous|monolayered|-|pollenkitt|starch, lipids|2-celled|present|3
0|Angiospermae|Lamiales|Orobanchaceae|Melampyrum|Melampyrum nemorosum|monad|monad|small (10-25 µm)|colpate|isopolar|spheroidal|circular|prolate|triangular|interapertural area sunken|3|colpus|colpate, tricolpate|aperture membrane smooth|no suitable term|present|present|verrucate, striato-microreticulate|eutectate|columellate|discontinuous|compact-continuous|bilayered|-|pollenkitt|lipids|2-celled|present|7
0|Angiospermae|Lamiales|Orobanchaceae|Melampyrum|Melampyrum pratense|monad|monad|small (10-25 µm)|colpate|isopolar|spheroidal|circular|prolate|triangular|interapertural area sunken|3|colpus|colpate, tricolpate|aperture membrane smooth|psilate|present|present|microrugulate|eutectate|columellate|discontinuous|compact-continuous|bilayered|-|pollenkitt|lipids|2-celled|present|7
0|Angiospermae|Lamiales|Orobanchaceae|Odontites|Odontites luteus|monad|monad|small (10-25 µm)|colpate|isopolar|spheroidal|circular|prolate|triangular|interapertural area sunken|3|colpus|colpate, tricolpate|aperture membrane ornamented|reticulate|present|present|reticulate|semitectate|columellate|continuous|compact-discontinuous|monolayered|-|pollenkitt|lipids|2-celled|present|6
0|Angiospermae|Lamiales|Orobanchaceae|Odontites|Odontites vulgaris|monad|monad|medium-sized (26-50 µm)|colpate|isopolar|spheroidal|circular|prolate|triangular|interapertural area sunken|3|colpus|colpate, tricolpate|aperture membrane ornamented|reticulate|present|present|microreticulate|semitectate|columellate|continuous|compact-discontinuous|monolayered|-|pollenkitt|lipids|2-celled|present|7
0|Angiospermae|Lamiales|Orobanchaceae|Orobanche|Orobanche hederae|monad|monad|medium-sized (26-50 µm)|inaperturate|isopolar|spheroidal|circular|irregular|irregular|irregularly infolded|none|no aperture|inaperturate|-|granulate|present|present|no suitable term|-|columellate|-|compact-continuous|monolayered|-|absent|lipids|2-celled|present|10
0|Angiospermae|Lamiales|Orobanchaceae|Rhinanthus|Rhinanthus minor|monad|monad|medium-sized (26-50 µm)|colpate|isopolar|spheroidal|circular|prolate|irregular|aperture(s) sunken|3|colpus|colpate, tricolpate|aperture membrane ornamented|scabrate|-|-|microreticulate|semitectate|columellate|continuous|absent|monolayered|-|pollenkitt|lipids|2-celled|present|4
0|Angiospermae|Lamiales|Oleaceae|Fraxinus|Fraxinus excelsior|monad|monad|medium-sized (26-50 µm)|colpate|isopolar|spheroidal|circular|prolate|lobate|aperture(s) sunken|3|colpus|colpate, tricolpate|aperture membrane ornamented|reticulate|-|-|reticulate, heterobrochate, granulate|semitectate|columellate|absent|compact-continuous|monolayered|-|pollenkitt|starch|2-celled|absent|4
0|Angiospermae|Lamiales|Oleaceae|Fraxinus|Fraxinus ornus|monad|monad|medium-sized (26-50 µm)|colporate|isopolar|spheroidal|circular|prolate|lobate|aperture(s) sunken|3|colporus|colporate, tricolporate|-|reticulate|-|-|reticulate|semitectate|columellate|continuous|compact-continuous|monolayered|-|pollenkitt|lipids|2-celled|absent|4
0|Angiospermae|Lamiales|Oleaceae|Syringa|Syringa vulgaris|monad|monad|medium-sized (26-50 µm)|colporate|isopolar|spheroidal|circular|prolate|lobate|aperture(s) sunken|3|colporus|colporate, tricolporate|-|reticulate|-|-|reticulate|semitectate|columellate|continuous|in aperture only|monolayered|-|pollenkitt|starch|2-celled|absent|4
0|Angiospermae|Myrtales|Myrtaceae|Acca|Acca sellowiana|monad|monad|small (10-25 µm)|colporate|isopolar|oblate|triangular|oblate|triangular|interapertural area sunken|3|colporus|colporate, tricolporate|synaperturate, angulaperturate|-|-|-|microverrucate, psilate|-|-|-|-|-|-|-|-|-|-|1
0|Angiospermae|Malvales|Malvaceae|Tilia|Tilia euchlora|monad|monad|medium-sized (26-50 µm)|colporate|isopolar|oblate|circular|oblate|circular|irregularly infolded|3|colporus|colporate, tricolporate|aperture membrane ornamented, brevicolporus, oncus|scabrate|-|-|microreticulate, perforate|-|-|-|-|-|-|absent|starch|2-celled|present|4
0|Angiospermae|Malvales|Malvaceae|Tilia|Tilia tomentosa|monad|monad|medium-sized (26-50 µm)|colporate|isopolar|oblate|circular|oblate|circular|irregularly infolded|3|colporus|colporate, tricolporate|aperture membrane ornamented, brevicolporus, oncus|scabrate|-|-|microreticulate, perforate|eutectate|columellate|continuous|absent|monolayered|-|absent|starch|2-celled|present|4
0|Angiospermae|Lamiales|Lamiaceae|Acinos|Acinos alpinus|monad|monad|medium-sized (26-50 µm)|colpate|isopolar|oblate|elliptic|prolate|elliptic|aperture(s) sunken|6|colpus|colpate, hexacolpate|aperture membrane ornamented, stephanoaperturate|reticulate|-|-|reticulate|semitectate|columellate|discontinuous|in aperture only|monolayered|-|pollenkitt|starch|3-celled|absent|8
0|Angiospermae|Lamiales|Lamiaceae|Acinos|Acinos arvensis|monad|monad|medium-sized (26-50 µm)|colpate|isopolar|oblate|elliptic|prolate|elliptic|aperture(s) sunken|6|colpus|colpate, hexacolpate|aperture membrane ornamented, stephanoaperturate|reticulate|-|-|reticulate|-|-|-|-|-|-|pollenkitt|starch|3-celled|absent|7
0|Angiospermae|Lamiales|Lamiaceae|Ajuga|Ajuga reptans|monad|monad|medium-sized (26-50 µm)|colpate|isopolar|spheroidal|circular|prolate|elliptic|aperture(s) sunken|3|colpus|colpate, tricolpate|aperture membrane ornamented|reticulate|-|-|reticulate, microreticulate, bireticulate|eutectate|columellate|discontinuous|compact-discontinuous|monolayered|-|pollenkitt|lipids|2-celled|absent|7
0|Angiospermae|Lamiales|Lamiaceae|Betonica|Betonica officinalis|monad|monad|medium-sized (26-50 µm)|colpate|isopolar|spheroidal|circular|prolate|lobate|aperture(s) sunken|3|colpus|colpate, tricolpate|aperture membrane smooth|psilate|-|-|perforate|eutectate|columellate|continuous|compact-discontinuous|monolayered|-|pollenkitt|lipids|2-celled|absent|6
0|Angiospermae|Lamiales|Lamiaceae|Clinopodium|Clinopodium vulgare|monad|monad|medium-sized (26-50 µm)|colpate|isopolar|oblate|elliptic|prolate|elliptic|aperture(s) sunken|6|colpus|colpate, hexacolpate|aperture membrane ornamented, stephanoaperturate|reticulate|-|-|microreticulate|semitectate|columellate|discontinuous|lamellar-discontinuous|monolayered|-|pollenkitt|starch|3-celled|absent|7
0|Angiospermae|Lamiales|Lamiaceae|Galeopsis|Galeopsis speciosa|monad|monad|medium-sized (26-50 µm)|colpate|isopolar|spheroidal|circular|prolate|elliptic|aperture(s) sunken|3|colpus|colpate, tricolpate|aperture membrane ornamented, margo|reticulate|-|-|reticulate, perforate|eutectate|columellate|discontinuous|absent|monolayered|-|pollenkitt|-|2-celled|absent|7
0|Angiospermae|Lamiales|Lamiaceae|Galeopsis|Galeopsis tetrahit|monad|monad|medium-sized (26-50 µm)|colpate|isopolar|spheroidal|circular|prolate|elliptic|aperture(s) sunken|3|colpus|colpate, tricolpate|aperture membrane ornamented, margo|reticulate|-|-|reticulate, microreticulate, bireticulate|eutectate|columellate|discontinuous|absent|monolayered|-|pollenkitt|-|2-celled|absent|6
0|Angiospermae|Lamiales|Lamiaceae|Glechoma|Glechoma hirsuta|monad|monad|large (51-100 µm)|colpate|isopolar|oblate|elliptic|prolate|elliptic|aperture(s) sunken|6|colpus|colpate, hexacolpate, stephanocolpate|aperture membrane ornamented, stephanoaperturate|reticulate|-|-|microreticulate|semitectate|columellate|continuous|compact-continuous|monolayered|-|pollenkitt|starch, lipids|3-celled|absent|4
0|Angiospermae|Lamiales|Lamiaceae|Hyssopus|Hyssopus officinalis|monad|monad|medium-sized (26-50 µm)|colpate|isopolar|oblate|elliptic|prolate|elliptic|aperture(s) sunken|6|colpus|colpate, hexacolpate|aperture membrane ornamented, stephanoaperturate|reticulate|-|-|reticulate, microreticulate, bireticulate|semitectate|columellate|continuous|compact-continuous|monolayered|-|pollenkitt|lipids|3-celled|absent|7
0|Angiospermae|Lamiales|Lamiaceae|Lamium|Lamium album|monad|monad|medium-sized (26-50 µm)|colpate|isopolar|spheroidal|circular|prolate|elliptic|aperture(s) sunken|3|colpus|colpate, tricolpate|aperture membrane ornamented|scabrate|-|-|reticulum cristatum|eutectate|columellate|discontinuous|compact-continuous|monolayered|-|pollenkitt|-|2-celled|absent|4
0|Angiospermae|Lamiales|Lamiaceae|Lamium|Lamium maculatum|monad|monad|medium-sized (26-50 µm)|colpate|isopolar|spheroidal|circular|prolate|elliptic|aperture(s) sunken|3|colpus|colpate, tricolpate|aperture membrane ornamented|psilate|-|-|microgemmate, perforate|eutectate|columellate|discontinuous|absent|monolayered|-|pollenkitt|-|2-celled|absent|5
0|Angiospermae|Lamiales|Lamiaceae|Lycopus|Lycopus europaeus|monad|monad|medium-sized (26-50 µm)|colpate|isopolar|oblate|elliptic|prolate|elliptic|aperture(s) sunken|6|colpus|colpate, hexacolpate|aperture membrane ornamented, stephanoaperturate|reticulate|-|-|reticulate, microreticulate|semitectate|columellate|discontinuous|compact-continuous|monolayered|-|pollenkitt|starch|3-celled|absent|6
0|Angiospermae|Lamiales|Lamiaceae|Melissa|Melissa officinalis|monad|monad|medium-sized (26-50 µm)|colpate|isopolar|oblate|elliptic|prolate|elliptic|aperture(s) sunken|6|colpus|colpate, hexacolpate|aperture membrane ornamented, stephanoaperturate|reticulate|-|-|reticulate, microreticulate, bireticulate|semitectate|columellate|continuous|compact-continuous|monolayered|-|pollenkitt|lipids|3-celled|absent|5
0|Angiospermae|Lamiales|Lamiaceae|NepetoideaeMentheaeMenthinaeMentha|Mentha aquatica|monad|monad|medium-sized (26-50 µm)|colpate|isopolar|oblate|elliptic|prolate|elliptic|aperture(s) sunken|6|colpus|colpate, hexacolpate|aperture membrane ornamented, stephanoaperturate|reticulate|-|-|reticulate|semitectate|columellate|discontinuous|compact-continuous|monolayered|-|pollenkitt|lipids|3-celled|absent|7
0|Angiospermae|Lamiales|Lamiaceae|NepetoideaeMentheaeMenthinaeMentha|Mentha arvensis|monad|monad|medium-sized (26-50 µm)|colpate|isopolar|oblate|elliptic|prolate|elliptic|aperture(s) sunken|6|colpus|colpate, hexacolpate|aperture membrane ornamented, stephanoaperturate|reticulate|-|-|microreticulate|semitectate|columellate|continuous|compact-continuous|monolayered|-|pollenkitt|starch|3-celled|absent|7
0|Angiospermae|Lamiales|Lamiaceae|NepetoideaeMentheaeMenthinaeMentha|Mentha longifolia|monad|monad|medium-sized (26-50 µm)|colpate|isopolar|oblate|elliptic|prolate|elliptic|aperture(s) sunken|6|colpus|colpate, hexacolpate|aperture membrane ornamented, stephanoaperturate|reticulate|-|-|microreticulate|semitectate|columellate|continuous|compact-continuous|monolayered|-|pollenkitt|lipids|3-celled|absent|8
0|Angiospermae|Lamiales|Lamiaceae|Prunella|Prunella grandiflora|monad|monad|medium-sized (26-50 µm)|colpate|isopolar|oblate|elliptic|prolate|elliptic|aperture(s) sunken|6|colpus|colpate, hexacolpate, stephanocolpate|aperture membrane ornamented, stephanoaperturate|scabrate|-|-|reticulate, microreticulate, bireticulate|eutectate|columellate|discontinuous|compact-continuous|monolayered|-|pollenkitt|lipids|3-celled|absent|4
0|Angiospermae|Lamiales|Lamiaceae|Salvia|Salvia austriaca|monad|monad|medium-sized (26-50 µm)|colpate|isopolar|oblate|elliptic|prolate|elliptic|aperture(s) sunken|6|colpus|colpate, hexacolpate, stephanocolpate|aperture membrane ornamented, stephanoaperturate|reticulate|-|-|reticulate, microreticulate, bireticulate|semitectate|columellate|discontinuous|absent|monolayered|-|pollenkitt|starch, lipids|3-celled|absent|3
0|Angiospermae|Lamiales|Lamiaceae|Salvia|Salvia glutinosa|monad|monad|medium-sized (26-50 µm)|colpate|isopolar|oblate|elliptic|prolate|elliptic|aperture(s) sunken|6|colpus|colpate, hexacolpate|aperture membrane ornamented, stephanoaperturate|reticulate|-|-|reticulate, microreticulate, bireticulate|semitectate|columellate|discontinuous|compact-continuous|monolayered|-|pollenkitt|lipids|3-celled|absent|6
0|Angiospermae|Lamiales|Lamiaceae|Salvia|Salvia nemorosa|monad|monad|medium-sized (26-50 µm)|colpate|isopolar|oblate|elliptic|prolate|elliptic|aperture(s) sunken|6|colpus|colpate, hexacolpate|aperture membrane ornamented, stephanoaperturate|reticulate|-|-|reticulate, microreticulate, bireticulate|semitectate|columellate|discontinuous|compact-continuous|monolayered|-|pollenkitt|starch, lipids|3-celled|absent|6
0|Angiospermae|Lamiales|Lamiaceae|Salvia|Salvia pratensis|monad|monad|medium-sized (26-50 µm)|colpate|isopolar|oblate|elliptic|prolate|elliptic|aperture(s) sunken|6|colpus|colpate, hexacolpate, stephanocolpate|aperture membrane ornamented, stephanoaperturate|reticulate|-|-|reticulate, microreticulate, bireticulate|semitectate|columellate|discontinuous|absent|monolayered|-|pollenkitt|starch, lipids|3-celled|absent|4
0|Angiospermae|Lamiales|Lamiaceae|Salvia|Salvia verticillata|monad|monad|small (10-25 µm)|colpate|isopolar|oblate|elliptic|oblate|elliptic|aperture(s) sunken|6|colpus|colpate, hexacolpate|aperture membrane ornamented, stephanoaperturate|reticulate|-|-|reticulate, microreticulate, bireticulate|semitectate|columellate|continuous|compact-continuous|monolayered|-|pollenkitt|lipids|3-celled|absent|8
0|Angiospermae|Lamiales|Lamiaceae|Scutellaria|Scutellaria altissima|monad|monad|medium-sized (26-50 µm)|colpate|isopolar|oblate|circular|prolate|elliptic|aperture(s) sunken|3|colpus|colpate, tricolpate|aperture membrane ornamented|reticulate|present|present|reticulate, microreticulate, bireticulate|semitectate|columellate|continuous|absent|bilayered|-|pollenkitt|lipids|2-celled|absent|6
0|Angiospermae|Lamiales|Lamiaceae|Stachys|Stachys annua|monad|monad|medium-sized (26-50 µm)|colpate|isopolar|spheroidal|circular|prolate|elliptic|aperture(s) sunken|3|colpus|colpate, tricolpate|aperture membrane ornamented|reticulate|present|present|reticulate, perforate|semitectate|columellate|continuous|absent|bilayered|-|pollenkitt|lipids|2-celled|absent|7
0|Angiospermae|Lamiales|Lamiaceae|Stachys|Stachys palustris|monad|monad|medium-sized (26-50 µm)|colpate|isopolar|spheroidal|circular|prolate|elliptic|aperture(s) sunken|3|colpus|colpate, tricolpate|aperture membrane ornamented|psilate|present|present|reticulate, microreticulate, bireticulate|semitectate|columellate|continuous|absent|bilayered|-|pollenkitt|lipids|2-celled|absent|6
0|Angiospermae|Lamiales|Lamiaceae|Thymus|Thymus odoratissimus|monad|monad|medium-sized (26-50 µm)|colpate|isopolar|oblate|elliptic|prolate|elliptic|aperture(s) sunken|6|colpus|colpate, hexacolpate|aperture membrane ornamented|reticulate|present|present|microreticulate, bireticulate|semitectate|columellate|discontinuous|compact-continuous|bilayered|-|pollenkitt|lipids|3-celled|absent|6
0|Angiospermae|Fagales|Juglandaceae|Juglans|Juglans regia|monad|monad|medium-sized (26-50 µm)|porate|isopolar|oblate|circular|irregular|irregular|irregularly infolded|>6|porus|porate, pantoporate|pantoaperturate, aperture membrane ornamented, annulus|psilate|-|-|microechinate|eutectate|granular|continuous|absent|monolayered|-|absent|-|2-celled|absent|4
0|Angiospermae|Asparagales|Iridaceae|Iris|Iris pumila|monad|monad|large (51-100 µm)|sulcate|heteropolar|spheroidal|circular|irregular|irregular|irregularly infolded|1|sulcus|sulcate|aperture membrane smooth|clavate, echinate|-|-|clavate|atectate|absent|continuous|compact-continuous|monolayered|-|pollenkitt|lipids|2-celled|absent|4
0|Angiospermae|Malpighiales|Hypericaceae|Hypericum|Hypericum perforatum|monad|monad|small (10-25 µm)|colporate|isopolar|spheroidal|circular|prolate|lobate|aperture(s) sunken|3|colporus|colporate, tricolporate|-|scabrate|-|-|microreticulate, perforate|eutectate|granular|continuous|compact-continuous|monolayered|-|pollenkitt|-|2-celled|present|4
0|Angiospermae|Geraniales|Geraniaceae|Geranium|Geranium robertianum|monad|monad|medium-sized (26-50 µm)|colporate|isopolar|oblate|circular|prolate|circular|aperture(s) sunken|3|colporus|colporate, tricolporate|-|reticulate, clavate|-|-|reticulate, clavate|semitectate|columellate|perforate|absent|monolayered|-|pollenkitt, pollen coating vesicles|starch|3-celled|absent|2
0|Angiospermae|Fagales|Fagaceae|Castanea|Castanea sativa|monad|monad|small (10-25 µm)|colporate|isopolar|prolate|circular|prolate|lobate|aperture(s) sunken|3|colporus|colporate, tricolporate|-|psilate|-|-|rugulate, perforate|eutectate|columellate|continuous|compact-continuous|monolayered|-|absent|-|2-celled|present|4
0|Angiospermae|Fagales|Fagaceae|Fagus|Fagus sylvatica|monad|monad|medium-sized (26-50 µm)|-|isopolar|spheroidal|circular|prolate|lobate|aperture(s) sunken|3|colporus|colporate, tricolporate|-|rugulate, perforate|-|-|rugulate, perforate|-|-|-|-|-|-|-|-|-|present|4
0|Angiospermae|Fagales|Fagaceae|Quercus|Quercus cerris|monad|monad|medium-sized (26-50 µm)|colpate|isopolar|spheroidal|circular|prolate|lobate|aperture(s) sunken|3|colpus|colpate, tricolpate|-|scabrate|-|-|granulate, perforate|eutectate|columellate|discontinuous|compact-continuous|monolayered|-|pollenkitt|starch, lipids|2-celled|present|4
0|Angiospermae|Fagales|Fagaceae|Quercus|Quercus petraea|monad|monad|medium-sized (26-50 µm)|colpate|isopolar|prolate|circular|prolate|lobate|aperture(s) sunken|3|colpus|colpate, poroidate|colporoidate|scabrate|present|present|microrugulate, microverrucate|eutectate|-|-|-|-|-|-|-|-|-|2
0|Angiospermae|Fagales|Fagaceae|Quercus|Quercus robur|monad|monad|medium-sized (26-50 µm)|colpate, colporate|isopolar|spheroidal|circular|prolate|lobate|aperture(s) sunken|3|colpus|colpate, tricolpate|colporoidate|scabrate|-|-|perforate|eutectate|columellate|discontinuous|compact-continuous|monolayered|-|absent|lipids|2-celled|present|5
0|Angiospermae|Fabales|Fabaceae|Genista|Genista tinctoria|monad|monad|medium-sized (26-50 µm)|colpate|isopolar|oblate|triangular|prolate|lobate|aperture(s) sunken|3|colpus|colpate|-|scabrate|-|-|microreticulate|eutectate|columellate|continuous|compact-continuous|monolayered|-|pollenkitt|-|2-celled|absent|4
0|Angiospermae|Fabales|Fabaceae|Lotus|Lotus maritimus|monad|monad|medium-sized (26-50 µm)|colporate|isopolar|prolate|circular|prolate|lobate|aperture(s) sunken|3|colporus|colporate|aperture membrane ornamented|psilate|-|-|psilate, perforate|eutectate|columellate|absent|compact-continuous|monolayered|-|pollenkitt|lipids|2-celled|absent|2
0|Angiospermae|Fabales|Fabaceae|Ononis|Ononis spinosa|monad|monad|small (10-25 µm)|colporate|isopolar|prolate|circular|prolate|lobate|aperture(s) sunken|3|colporus|colporate, tricolporate|aperture membrane ornamented|psilate|-|-|reticulate, bireticulate|eutectate|columellate|continuous|compact-continuous|monolayered|-|pollenkitt|lipids, starch|2-celled|absent|4
0|Angiospermae|Fabales|Fabaceae|Robinia|Robinia pseudacacia|monad|monad|medium-sized (26-50 µm)|colporate|isopolar|spheroidal|circular|prolate|lobate|aperture(s) sunken|3|colporus|colporate, tricolporate|-|psilate|-|-|perforate, psilate|eutectate|columellate|continuous|compact-continuous|monolayered|-|absent|starch|2-celled|absent|4
0|Angiospermae|Fabales|Fabaceae|Trifolium|Trifolium campestre|monad|monad|medium-sized (26-50 µm)|colporate|isopolar|prolate|circular|prolate|lobate|aperture(s) sunken|3|colporus|colporate, tricolporate|aperture membrane smooth|reticulate|present|present|perforate|eutectate|-|-|-|-|-|absent|-|-|absent|4
0|Angiospermae|Poales|Cyperaceae|Carex|Carex distans|tetrad|pseudomonad|medium-sized (26-50 µm)|tetrad|heteropolar|no suitable term|circular|irregular|irregular|aperture(s) sunken|5|poroid|poroidate|aperture membrane ornamented|scabrate|-|-|microechinate, perforate, fossulate|eutectate|columellate|discontinuous|compact-continuous|monolayered|-|pollenkitt|starch|2-celled|absent|2
0|Angiospermae|Saxifragales|Crassulaceae|Sedum|Sedum sexangulare|monad|monad|small (10-25 µm)|colporate|isopolar|oblate|triangular|prolate|lobate|aperture(s) sunken|3|colporus|colporate|-|scabrate|-|-|rugulate|eutectate|columellate|continuous|absent|monolayered|-|pollenkitt|-|2-celled|-|4
0|Angiospermae|Solanales|Convolvulaceae|Convolvulus|Convolvulus arvensis|monad|monad|large (51-100 µm)|colpate|isopolar|spheroidal|circular|prolate|lobate|aperture(s) sunken|3|colpus|colpate, tricolpate|aperture membrane ornamented|reticulate|-|-|perforate, microechinate|eutectate|columellate|continuous|absent|monolayered|-|pollenkitt|starch|2-celled|absent|4
0|Angiospermae|Caryophyllales|Caryophyllaceae|Herniaria|Herniaria glabra|monad|monad|small (10-25 µm)|-|-|spheroidal|circular|polygonal|polygonal|aperture(s) sunken|number varies|poroid|poroidate|aperture membrane ornamented, pantoaperturate|psilate|-|-|psilate|eutectate|columellate|continuous|compact-continuous|monolayered|-|pollenkitt|polysaccharide vesicles|3-celled|present|1
0|Angiospermae|Caryophyllales|Caryophyllaceae|Spergularia|Spergularia media|monad|monad|small (10-25 µm)|colpate|isopolar|spheroidal|circular|prolate|lobate|aperture(s) sunken|3|colpus|colpate, tricolpate|aperture membrane ornamented|scabrate|-|-|microechinate, perforate|eutectate|columellate|continuous|absent|monolayered|-|pollenkitt|-|3-celled|-|4
0|Angiospermae|Brassicales|Brassicaceae|Alliaria|Alliaria petiolata|monad|monad|medium-sized (26-50 µm)|colpate|isopolar|prolate|circular|prolate|lobate|aperture(s) sunken|3|colpus|colpate, tricolpate|aperture membrane ornamented|reticulate|-|-|reticulate|semitectate|columellate|discontinuous|compact-continuous|monolayered|-|tryphine|-|3-celled|absent|4
0|Angiospermae|Brassicales|Brassicaceae|Brassica|Brassica napus|monad|monad|medium-sized (26-50 µm)|colpate|isopolar|prolate|circular|prolate|lobate|aperture(s) sunken|3|colpus|colpate, tricolpate|aperture membrane ornamented|reticulate|-|-|reticulate, heterobrochate, free-standing columellae|semitectate|columellate|continuous|absent|monolayered|-|tryphine|lipids|3-celled|absent|4
0|Angiospermae|Brassicales|Brassicaceae|Brassica|Brassica nigra|monad|monad|medium-sized (26-50 µm)|colpate|isopolar|prolate|circular|prolate|lobate|aperture(s) sunken|3|colpus|colpate, tricolpate|aperture membrane ornamented|reticulate|-|-|reticulate|semitectate|columellate|discontinuous|compact-continuous|monolayered|-|tryphine|-|3-celled|absent|4
0|Angiospermae|Brassicales|Brassicaceae|Cardaria|Cardaria draba|monad|monad|small (10-25 µm)|colpate|isopolar|spheroidal|circular|prolate|lobate|aperture(s) sunken|3|colpus|colpate, tricolpate|aperture membrane ornamented|reticulate|present|present|reticulate|-|-|-|-|-|-|-|-|-|absent|5
0|Angiospermae|Brassicales|Brassicaceae|Lepidium|Lepidium cartilagineum|monad|monad|medium-sized (26-50 µm)|colpate|isopolar|prolate|circular|prolate|lobate|aperture(s) sunken|3|colpus|colpate, tricolpate|aperture membrane ornamented|reticulate|-|-|reticulate|semitectate|columellate|discontinuous|compact-continuous|monolayered|-|tryphine|-|3-celled|absent|2
0|Angiospermae|Brassicales|Brassicaceae|Sinapis|Sinapis alba|monad|monad|medium-sized (26-50 µm)|colpate|isopolar|prolate|circular|prolate|lobate|aperture(s) sunken|3|colpus|colpate, tricolpate|aperture membrane ornamented|reticulate|-|-|reticulate|semitectate|columellate|discontinuous|compact-continuous|monolayered|-|tryphine|-|3-celled|absent|3
0|Angiospermae|unplaced|Boraginaceae|Echium|Echium vulgare|monad|monad|small (10-25 µm)|colporate|heteropolar|prolate|circular|prolate|triangular|aperture(s) sunken|3|colporus|colporate, tricolporate|aperture membrane ornamented|-|-|-|perforate|eutectate|columellate|continuous|absent|monolayered|-|pollenkitt|lipids|3-celled|absent|4
0|Angiospermae|unplaced|Boraginaceae|Nonea|Nonea pulla|monad|monad|small (10-25 µm)|colporate|isopolar|prolate|quadrangular|prolate|quadrangular|aperture(s) sunken|4|colporus|colporate|-|psilate|-|-|psilate, perforate|eutectate|columellate|continuous|compact-continuous|monolayered|-|pollenkitt|lipids|3-celled|present|4
0|Angiospermae|unplaced|Boraginaceae|Phacelia|Phacelia tanacetifolia|monad|monad|small (10-25 µm)|colporate|isopolar|spheroidal|circular|prolate|elliptic|aperture(s) sunken|3|colporus|colporate, tricolporate|heteroaperturate, pseudocolpus, aperture membrane ornamented|-|present|present|microreticulate, perforate|-|-|-|-|-|-|-|-|-|present|3
0|Angiospermae|unplaced|Boraginaceae|Pulmonaria|Pulmonaria officinalis|monad|monad|medium-sized (26-50 µm)|colporate|isopolar|prolate|quadrangular|prolate|quadrangular|aperture(s) sunken|4|colporus|colporate, tetracolporate|stephanoaperturate|psilate|-|-|psilate, perforate|eutectate|columellate|continuous|compact-continuous|monolayered|-|pollenkitt|-|3-celled|present|3
0|Angiospermae|Fagales|Betulaceae|Alnus|Alnus glutinosa|monad|monad|medium-sized (26-50 µm)|porate|isopolar|oblate|polygonal|oblate|polygonal|interapertural area sunken|5|porus|porate, stephanoporate|stephanoaperturate|scabrate|-|-|microrugulate, microechinate|eutectate|granular|continuous|absent|monolayered|arcus|absent|lipids|2-celled|present|4
0|Angiospermae|Fagales|Betulaceae|Betula|Betula humilis|monad|monad|small (10-25 µm)|porate|isopolar|spheroidal|circular|irregular|irregular|irregularly infolded|3|porus|porate, triporate|annulus, operculum, oncus|psilate|-|-|rugulate, microechinate|eutectate|columellate|continuous|absent|monolayered|-|absent|starch|2-celled|present|4
0|Angiospermae|Fagales|Betulaceae|Betula|Betula pendula|monad|monad|small (10-25 µm)|porate|isopolar|spheroidal|circular|irregular|irregular|irregularly infolded, interapertural area sunken|3|porus|porate, triporate|annulus, operculum, oncus|psilate|-|-|rugulate, microechinate|eutectate|columellate|continuous|absent|monolayered|-|absent|starch|2-celled|present|4
0|Angiospermae|Fagales|Betulaceae|Carpinus|Carpinus betulus|monad|monad|medium-sized (26-50 µm)|porate|isopolar|spheroidal|circular|irregular|irregular|irregularly infolded|4|porus|porate, tetraporate|operculum, oncus|scabrate|-|-|rugulate, microechinate|eutectate|granular|continuous|absent|monolayered|-|absent|starch|2-celled|present|4
0|Spermatophyta|Fagales|Betulaceae|Corylus|Corylus avellana|monad|monad|medium-sized (26-50 µm)|porate|isopolar|spheroidal|circular|oblate|triangular|interapertural area sunken|3|porus|porate, triporate|annulus, operculum, oncus|psilate|-|-|rugulate, granulate|eutectate|granular|continuous|absent|monolayered|-|absent|starch|2-celled|present|4
0|Spermatophyta|Fagales|Betulaceae|Corylus|Corylus colurna|monad|monad|medium-sized (26-50 µm)|porate|isopolar|spheroidal|circular|irregular|irregular|irregularly infolded|3|porus|porate, triporate|annulus, operculum, oncus|scabrate|-|-|microechinate, rugulate|eutectate|granular|continuous|compact-continuous|monolayered|-|absent|starch|2-celled|present|4
0|Angiospermae|Ranunculales|Berberidaceae|Berberis|Berberis vulgaris|monad|monad|medium-sized (26-50 µm)|spiraperturate|-|spheroidal|circular|spheroidal|circular|not infolded|-|spiral aperture(s)|spiraperturate|-|psilate|-|-|psilate, perforate|eutectate|absent|absent|compact-continuous|monolayered|-|pollenkitt|starch, lipids|2-celled|absent|3
0|Angiospermae|Ranunculales|Berberidaceae|Epimedium|Epimedium alpinum|monad|monad|medium-sized (26-50 µm)|colpate|isopolar|spheroidal|circular|prolate|lobate|aperture(s) sunken|3|colpus|colpate, tricolpate|aperture membrane ornamented|scabrate|-|-|striato-microreticulate|semitectate|columellate|continuous|compact-continuous|monolayered|-|pollenkitt|starch, lipids|2-celled|present|4
0|Angiospermae|Ranunculales|Berberidaceae|Mahonia|Mahonia aquifolium|monad|monad|medium-sized (26-50 µm)|clypeate|-|spheroidal|circular|spheroidal|circular|aperture(s) sunken, not infolded|>6|colpus|colpate, syncolpate, pantocolpate|synaperturate, pantoaperturate|psilate|-|-|psilate, perforate|eutectate|absent|absent|compact-continuous|monolayered|-|pollenkitt|starch, lipids|2-celled|absent|2
0|Angiospermae|Asterales|Asteraceae|Ambrosia|Ambrosia artemisiifolia|monad|monad|small (10-25 µm)|colporate|isopolar|spheroidal|circular|spheroidal|lobate|aperture(s) sunken|3|colporus|colporate, tricolporate|brevicolporus|echinate|present|present|echinate, perforate|eutectate|columellate|absent|lamellar-continuous|monolayered|-|absent|-|3-celled|absent|4
0|Angiospermae|Asterales|Asteraceae|Artemisia|Artemisia dracunculus|monad|monad|small (10-25 µm)|colporate|isopolar|spheroidal|circular|prolate|lobate|aperture(s) sunken|3|colporus|colporate, triporate|-|echinate|-|-|echinate, granulate|-|-|-|-|-|-|-|-|3-celled|absent|4
0|Angiospermae|Asterales|Asteraceae|Artemisia|Artemisia vulgaris|monad|monad|small (10-25 µm)|colporate|isopolar|spheroidal|circular|prolate|lobate|aperture(s) sunken|3|colporus|colporate, triporate|-|echinate|-|-|microechinate, granulate|-|-|-|-|-|-|-|-|3-celled|absent|4
0|Angiospermae|Asterales|Asteraceae|Carthamus|Carthamus lanatus|monad|monad|large (51-100 µm)|colporate|isopolar|prolate|circular|prolate|circular|not infolded|3|colporus|colporate, tricolporate|aperture membrane ornamented|-|-|-|echinate, microreticulate|-|-|-|-|-|-|-|-|-|-|1
0|Angiospermae|Asterales|Asteraceae|Centaurea|Centaurea cyanus|monad|monad|medium-sized (26-50 µm)|colporate|isopolar|prolate|triangular|prolate|triangular|aperture(s) sunken|3|colporus|colporate, tricolporate|-|scabrate|-|-|microechinate|eutectate|columellate|continuous|compact-continuous|monolayered|internal tectum|pollenkitt|starch|3-celled|absent|4
0|Angiospermae|Asterales|Asteraceae|Solidago|Solidago canadensis|monad|monad|small (10-25 µm)|colporate|isopolar|spheroidal|circular|prolate|lobate|aperture(s) sunken|3|colporus|colporate, tricolporate|-|echinate|-|-|echinate, perforate|eutectate|columellate|continuous|compact-continuous|monolayered|-|pollenkitt|-|3-celled|absent|4
0|Angiospermae|Asterales|Asteraceae|Taraxacum|Taraxacum officinale|monad|monad|medium-sized (26-50 µm)|lophate|isopolar|spheroidal|circular|spheroidal|circular|no suitable term|3|colporus|colporate, tricolporate|-|echinate|-|-|echinate, perforate|eutectate|alveolate|continuous|compact-continuous|monolayered|internal tectum|pollenkitt|starch|3-celled|absent|4
0|Angiospermae|Asparagales|Asparagaceae|Asparagus|Asparagus officinalis|monad|monad|medium-sized (26-50 µm)|sulcate|heteropolar|spheroidal|circular|boat-shaped|elliptic|aperture(s) sunken|1|sulcus|sulcate|-|psilate|-|-|microreticulate, perforate|eutectate|columellate|continuous|absent|monolayered|-|pollenkitt|lipids|2-celled|present|1
0|Angiospermae|Asparagales|Asparagaceae|Muscari|Muscari azureum|monad|monad|medium-sized (26-50 µm)|sulcate|heteropolar|spheroidal|circular|boat-shaped|elliptic|aperture(s) sunken|1|sulcus|sulcate|-|reticulate|-|-|reticulate, heterobrochate|semitectate|columellate|continuous|absent|monolayered|-|pollenkitt|lipids|2-celled|present|2
0|Angiospermae|Asparagales|Asparagaceae|Muscari|Muscari neglectum|monad|monad|medium-sized (26-50 µm)|sulcate|heteropolar|spheroidal|circular|boat-shaped|elliptic|aperture(s) sunken|1|sulcus|sulcate|-|reticulate|-|-|reticulate, perforate|semitectate|columellate|continuous|absent|monolayered|-|pollenkitt|lipids|2-celled|present|2
0|Angiospermae|Asparagales|Asparagaceae|Ornithogalum|Ornithogalum boucheanum|monad|monad|large (51-100 µm)|sulcate|heteropolar|spheroidal|circular|boat-shaped|elliptic|aperture(s) sunken|1|sulcus|sulcate|-|scabrate|-|-|foveolate, perforate|eutectate|columellate|discontinuous|absent|monolayered|-|pollenkitt|lipids|2-celled|absent|1
0|Angiospermae|Asparagales|Asparagaceae|Ornithogalum|Ornithogalum nutans|monad|monad|large (51-100 µm)|sulcate|heteropolar|spheroidal|circular|boat-shaped|-|aperture(s) sunken|1|sulcus|sulcate|-|reticulate|-|-|microreticulate|semitectate|columellate|discontinuous|absent|monolayered|-|pollenkitt|-|2-celled|absent|2
0|Angiospermae|Asparagales|Asparagaceae|Ornithogalum|Ornithogalum umbellatum|monad|monad|large (51-100 µm)|sulcate|heteropolar|spheroidal|circular|boat-shaped|elliptic|aperture(s) sunken|1|sulcus|sulcate|-|reticulate|-|-|foveolate, perforate|semitectate|columellate|discontinuous|absent|monolayered|-|pollenkitt|lipids|2-celled|absent|1
0|Angiospermae|Asparagales|Asparagaceae|Polygonatum|Polygonatum latifolium|monad|monad|large (51-100 µm)|sulcate|heteropolar|spheroidal|circular|boat-shaped|elliptic|aperture(s) sunken|1|sulcus|sulcate|aperture membrane ornamented|psilate|-|-|perforate|eutectate|columellate|continuous|absent|monolayered|-|pollenkitt|lipids|2-celled|present|1
0|Angiospermae|Asparagales|Asparagaceae|Ruscus|Ruscus hypoglossum|monad|monad|medium-sized (26-50 µm)|sulcate|heteropolar|oblate|elliptic|boat-shaped|-|aperture(s) sunken|1|sulcus|sulcate|-|psilate|-|-|perforate|eutectate|columellate|continuous|absent|monolayered|-|pollenkitt|lipids|2-celled|absent|1
0|Angiospermae|Asparagales|Asparagaceae|Scilla|Scilla bifolia|monad|monad|medium-sized (26-50 µm)|sulcate|heteropolar|oblate|elliptic|boat-shaped|elliptic|aperture(s) sunken|1|sulcus|sulcate|-|reticulate|-|-|reticulate, perforate|semitectate|columellate|discontinuous|absent|monolayered|-|pollenkitt|lipids|2-celled|present|2
0|Angiospermae|Asparagales|Asparagaceae|Scilla|Scilla drunensis|monad|monad|large (51-100 µm)|sulcate|heteropolar|oblate|elliptic|boat-shaped|elliptic|aperture(s) sunken|1|sulcus|sulcate|-|reticulate|-|-|reticulate, perforate|semitectate|columellate|discontinuous|absent|monolayered|-|pollenkitt|lipids|2-celled|present|2
0|Angiospermae|Asparagales|Asparagaceae|Scilla|Scilla spetana|monad|monad|large (51-100 µm)|sulcate|heteropolar|oblate|elliptic|boat-shaped|elliptic|aperture(s) sunken|1|sulcus|sulcate|-|reticulate|-|-|reticulate, perforate|semitectate|columellate|discontinuous|absent|monolayered|-|pollenkitt|lipids|2-celled|present|1
0|Angiospermae|Alismatales|Araceae|Ambrosina|Ambrosina bassii|monad|monad|medium-sized (26-50 µm)|plicate|isopolar|oblate|elliptic|oblate|irregular|irregularly infolded|none|no aperture|inaperturate|-|plicate|-|-|plicate, perforate, microreticulate|-|-|-|-|-|-|absent|-|-|absent|2
0|Angiospermae|Alismatales|Araceae|Calla|Calla palustris|monad|monad|small (10-25 µm)|sulcate|heteropolar|oblate|elliptic|prolate|no suitable term|aperture(s) sunken|2|sulcus|sulcate, disulcate|aperture membrane ornamented|scabrate|-|-|psilate, perforate|eutectate|columellate|discontinuous|compact-continuous|monolayered|-|absent|lipids|2-celled|absent|5
0|Angiospermae|Apiales|Apiaceae|Smyrnium|Smyrnium perfoliatum|monad|monad|small (10-25 µm)|colporate|isopolar|prolate|triangular|prolate|triangular|interapertural area sunken|3|colporus|colporate, tricolporate|-|-|-|-|rugulate, perforate|eutectate|columellate|continuous|compact-continuous|monolayered|-|pollenkitt, primexine matrix|polysaccharide vesicles|3-celled|present|1
0|Angiospermae|Asparagales|Amaryllidaceae|Allium|Allium ursinum|monad|monad|medium-sized (26-50 µm)|sulcate|heteropolar|oblate|elliptic|boat-shaped|elliptic|aperture(s) sunken|1|sulcus|sulcate|-|scabrate|-|-|rugulate, perforate|eutectate|columellate|continuous|absent|monolayered|-|pollenkitt|lipids|2-celled|present|2
0|Angiospermae|Asparagales|Amaryllidaceae|Anthericum|Anthericum liliago|monad|monad|large (51-100 µm)|sulcate|heteropolar|oblate|elliptic|boat-shaped|no suitable term|aperture(s) sunken|1|sulcus|sulcate|-|reticulate, heterobrochate|-|-|reticulate, heterobrochate, granulate|semitectate|columellate|discontinuous|compact-continuous|monolayered|-|pollenkitt|lipids|2-celled|present|2
0|Angiospermae|Asparagales|Amaryllidaceae|Anthericum|Anthericum ramosum|monad|monad|large (51-100 µm)|sulcate|heteropolar|oblate|elliptic|boat-shaped|elliptic|aperture(s) sunken|1|sulcus|sulcate|-|reticulate|-|-|reticulate, heterobrochate|semitectate|columellate|discontinuous|compact-discontinuous|monolayered|-|pollenkitt|lipids|2-celled|present|1
0|Angiospermae|Asparagales|Amaryllidaceae|Chlorophytum|Chlorophytum comosum|monad|monad|medium-sized (26-50 µm)|sulcate|heteropolar|oblate|elliptic|boat-shaped|no suitable term|aperture(s) sunken|1|sulcus|sulcate|aperture membrane ornamented|-|-|-|microreticulate|eutectate|-|-|-|-|-|-|-|-|present|2
0|Angiospermae|Asparagales|Amaryllidaceae|Leucojum|Leucojum aestivum|monad|monad|medium-sized (26-50 µm)|sulcate|heteropolar|spheroidal|circular|boat-shaped|elliptic|aperture(s) sunken|1|sulcus|sulcate|-|psilate|-|-|perforate|eutectate|columellate|continuous|absent|monolayered|-|pollenkitt|lipids|2-celled|present|2
0|Angiospermae|Asparagales|Amaryllidaceae|Leucojum|Leucojum vernum|monad|monad|medium-sized (26-50 µm)|sulcate|heteropolar|oblate|elliptic|boat-shaped|elliptic|aperture(s) sunken|1|sulcus|sulcate|aperture membrane ornamented|psilate|-|-|perforate, no suitable term|eutectate|columellate|continuous|absent|monolayered|-|pollenkitt|lipids|2-celled|present|2
0|Angiospermae|Caryophyllales|Amaranthaceae|Atriplex|Atriplex patula|monad|monad|small (10-25 µm)|porate|isopolar|spheroidal|circular|cup-shaped|no suitable term|no suitable term|>6|porus|porate, pantoporate|pantoaperturate, aperture membrane ornamented|echinate|-|-|microechinate, perforate|eutectate|columellate|continuous|absent|monolayered|-|pollenkitt, primexine matrix|starch|3-celled|present|4
0|Angiospermae|Caryophyllales|Amaranthaceae|Atriplex|Atriplex sagittata|monad|monad|small (10-25 µm)|porate|isopolar|spheroidal|circular|cup-shaped|no suitable term|no suitable term|>6|porus|porate, pantoporate|pantoaperturate, aperture membrane ornamented|scabrate|-|-|microechinate, perforate|eutectate|columellate|continuous|absent|monolayered|-|pollenkitt, primexine matrix|starch|3-celled|present|4
0|Angiospermae|Caryophyllales|Amaranthaceae|Atriplex|Atriplex tatarica|monad|monad|small (10-25 µm)|porate|isopolar|spheroidal|circular|cup-shaped|no suitable term|no suitable term|>6|porus|porate, pantoporate|pantoaperturate, aperture membrane ornamented|scabrate|-|-|microechinate, perforate|eutectate|columellate|continuous|absent|monolayered|-|pollenkitt, primexine matrix|starch|3-celled|present|4
0|Angiospermae|Caryophyllales|Amaranthaceae|Bassia|Bassia scoparia|monad|monad|medium-sized (26-50 µm)|porate|isopolar|spheroidal|circular|irregular|irregular|irregularly infolded|>6|porus|porate|operculum, pantoaperturate|scabrate|-|-|microechinate, microverrucate|eutectate|columellate|continuous|absent|monolayered|-|pollenkitt, primexine matrix|starch|3-celled|present|4
0|Angiospermae|Caryophyllales|Amaranthaceae|Chenopodium|Chenopodium album|monad|monad|medium-sized (26-50 µm)|porate|isopolar|spheroidal|circular|irregular|irregular|irregularly infolded|>6|porus|porate, pantoporate|operculum, pantoaperturate|scabrate|-|-|microechinate, perforate|eutectate|columellate|continuous|compact-discontinuous|monolayered|-|pollenkitt, primexine matrix|starch|3-celled|present|4
0|Angiospermae|Caryophyllales|Amaranthaceae|Chenopodium|Chenopodium hybridum|monad|monad|small (10-25 µm)|porate|isopolar|spheroidal|circular|irregular|irregular|irregularly infolded|>6|porus|porate, pantoporate|pantoaperturate, aperture membrane ornamented|scabrate|-|-|microechinate, perforate|eutectate|columellate|continuous|absent|monolayered|-|pollenkitt, primexine matrix|starch, lipids, polysaccharide vesicles|3-celled|present|4
0|Angiospermae|Dipsacales|Adoxaceae|Sambucus|Sambucus nigra|monad|monad|small (10-25 µm)|colporate|isopolar|spheroidal|circular|prolate|lobate|aperture(s) sunken|3|colporus|colporate, tricolporate|-|reticulate|-|-|reticulate, heterobrochate|semitectate|columellate|continuous|absent|monolayered|-|pollenkitt, primexine matrix|-|3-celled|absent|4
